"origin","nb_outlinks","outlinks"
"ACA",8,"GDL IAH MEX MTY NLU TIJ YUL YYZ"
"AKV",0,""
"AMS",271,"AAL ABZ ACC ACE ADB AES AEY AGA AGP AHU ALC AMM AOK ARN ASR ATH ATL AUA AUH AUS AYT BCN BEG BER BEY BFS BGI BGO BHD BHX BIO BIQ BJL BJV BKK BLL BLQ BLR BOD BOG BOJ BOM BON BRE BRI BRS BRU BSL BUD BVC CAG CAI CAN CDG CFU CGK CHQ CMN COV CPH CPT CTA CTG CUN CUR CWL DAR DBV DEL DFW DJE DLM DMM DOH DSS DUB DUS DXB EBB EBL EDI EFL ESB EWR EXT EZE FCO FEZ FLR FRA FUE GDN GEO GIG GLA GOA GOT GRO GRU GRX GUW GVA GYE GZP HAJ HAM HEL HKG HRG HUY HYD IAH IBZ ICN INN INV IST IVL JED JFK JMK JNB JRO JSI JTR KAJ KAO KEF KGL KGS KIX KLX KRK KTT KUL KWI KYA LAS LAX LBA LCA LCY LGW LHR LIM LJU LOS LPA LPI LPL LTN LUX LYS MAH MAN MBJ MCO MCT MEX MIA MJT MLA MME MNL MPL MRS MRU MSP MUC MXP NAP NBE NBO NCE NCL NDR NRT NTE NUE NWI OHD OLB ORK ORY OSL OTP OUD OVD PBM PDL PDX PEK PFO PHL PKX PLQ PMI POS POZ PRG PSA PTY PUJ PUY PVG PVK RAK RBA RHO RIX RMF RMO RNS RUH RVN SAN SAW SCL SCR SEA SEN SFO SFT SID SIN SJO SKG SKP SLC SMI SOU SPC SPU SSH STN STR SVQ SXB SXM SZG TBS TER TFS TIA TLL TLS TLV TNG TOS TPA TRN TTU UIO VCE VLC VNO VRN VXE WAW WRO XMN YEG YHZ YUL YVR YYC YYZ ZAG ZNZ ZRH ZTH"
"ATH",157,"ADD AGP ALC AMM AMS AOK ARN ATL AUH AXD BAH BCN BEG BEN BER BES BEY BGY BHX BIO BLQ BNX BOD BRI BRS BRU BSL BUD CAI CDG CFU CGN CHQ CLT CPH CRL CTA DAM DBV DOH DUB DUS DXB EBL EDI EFL EIN ETM EVN EWR FCO FLR FRA GOT GVA GYD HAJ HAM HEL IBZ ICN INI INN IOA IST JED JFK JIK JKH JKL JMK JNX JSH JSI JSY JTR JTY KEF KGS KIT KLX KRK KTW KVA KZI LCA LGW LHR LIL LIS LPA LTN LUX LXR LXS LYS MAN MCT MJT MLA MLO MPL MRS MUC MXP NAP NCE NTE OLB ORY OSL OTP PAS PEK PFO PHL PMI PRG PSA PVG RAK RHO RIX RMO RUH SAW SHJ SIN SJJ SKG SKP SKU SMI SPU SSH STN STR SVQ SXB TBS TFU TGD TIA TLL TLS TLV TUN VCE VLC VNO WAW WRO YUL YYZ ZAG ZRH ZTH"
"ATL",242,"ABE ABQ ABY ACC ADD AEX AGS ALB AMS ANC ANU ATH ATW AUA AUH AUS AVL BCN BDA BDL BGI BGR BHM BJX BMI BNA BOG BOI BON BOS BQK BRU BTR BUF BUR BWI BZE BZN CAE CDG CHA CHO CHS CID CLE CLT CMH COS CPH CPT CRW CSG CTG CUN CVG CZM DAB DAL DAY DCA DEN DFW DHN DOH DSM DTW DUB ECP EDI EGE ELH ELP EVV EWR EYW EZE FAR FAT FAY FCO FLL FRA FSD FWA GCM GDL GEG GGT GIG GND GNV GPT GRB GRR GRU GSO GSP GTR GUA HDN HHH HND HNL HOU HPN HSV HVN IAD IAH ICN ICT ILM IND IST JAC JAN JAX JFK JNB KIN LAS LAX LEX LFT LGA LHR LIM LIR LIT LOS MAN MBJ MCI MCO MDT MDW MEM MEX MGM MHH MIA MKE MLB MLI MLU MOB MSN MSP MSY MTJ MTY MUC MXP MYR NAP NAS NCE OAJ OGG OKC OMA ONT ORD ORF PBI PDX PHL PHX PIT PLS PNS POP PSP PTY PUJ PVD PVR PWM QRO RAK RAP RDU RIC RNO ROA ROC RSW RTB SAL SAN SAP SAT SAV SBA SBN SCL SDF SDQ SEA SFO SGF SHV SJC SJD SJO SJU SKB SLC SLP SMF SNA SRQ STL STT STX SVD SXM SYR TLH TLV TPA TQO TRI TTN TUL TUS TVC TYS UIO UVF VCE VLD VPS XNA YEG YUL YVR YWG YYC YYZ ZLO ZRH"
"AUS",87,"ABQ AMA AMS ASE ATL AVL BNA BOS BUR BWI CHS CLE CLT CMH CUN CVG DAL DCA DEN DFW DSM DTW ECP ELP EWR FLL FRA GRR HOU HRL IAD IAH IND JAX JFK LAS LAX LBB LGB LHR MAF MCI MCO MDW MEM MEX MFE MIA MKE MSP MSY MTJ MTY OAK OMA ONT ORD PDX PHL PHX PIT PNS PSP PTY PVR PVU RDU RNO SAN SEA SFB SFO SJC SJD SJU SLC SMF SNA SRQ STL TPA TUL TYS YUL YVR YYC YYZ"
"BCN",201,"ACE ADB AGP AHO ALC ALG AMM AMS AOI ARN ATH ATL AUH BCM BEG BER BES BEY BFS BGY BHX BIO BJZ BLL BLQ BOD BOG BOS BRI BRQ BRS BRU BSL BUD BVA CAG CAI CDG CFU CGN CLJ CMN CPH CRL CUN DBV DEB DFW DOH DSS DUB DUS DXB EAS EDI EIN EMA ESU EVN EWR EZE FAE FCO FEZ FLR FRA FUE GLA GOA GOT GRU GVA GYD HAJ HAM HEL HHN HKG IAD IAS IBZ ICN IST JED JFK JMK JTR KEF KRK KTW KWI LAX LBA LCA LCG LCY LEI LEN LGW LHR LIL LPA LPL LTN LUX LXR LYS MAH MAN MEX MIA MLA MLN MRS MUC MXP NAP NCE NCL NDR NTE NUE ODB ORD ORK ORN ORY OSL OSR OTP OUD OVD OZZ PDL PEK PHL PIK PIS PMI PMO PNA PRG PSA PUJ PVG QSR RAK RDO REG RIX RMI RMO RMU RTM RUH RVN SAW SCL SCQ SDR SEN SFO SID SIN SKG SKP SPC SPU STN STR SVQ SXB SZG SZX TFN TFS TIA TIV TLL TLV TNG TOS TRF TRN TUN VCE VLC VNO VRN WAW WMI WRO XPL XRY YHZ YUL YYC YYZ ZAD ZAG ZRH"
"BDA",21,"BDL BOS BWI CHS CLT DCA EWR FLL HPN JFK LHR MCO MIA PDL PHL PVD RDU RIC YHZ YUL YYZ"
"BNA",109,"ABE ABQ ALB ATL ATW AUS BDL BHM BOS BUF BUR BWI BZN CHS CLE CLT CMH CUN DAL DCA DEN DFW DSM DTW DUB ECP EWR FAR FLL FNT FSD GRR HDN HOU HVN IAD IAH ILG ILM IND JAX JBR JFK KEF LAL LAS LAX LGA LGB LHR MCI MCO MDT MDW MEM MIA MKE MSP MSY MYR OAK OMA ONT ORD ORF PBI PDX PGD PHL PHX PIE PIT PNS PUJ PVD PVU PWM RDU RFD RIC ROC RSW SAN SAT SAV SDF SEA SFB SFO SHV SJD SJU SLC SMF SNA SRQ STL SYR TPA TUL TUP VPS XNA YEG YUL YVR YWG YYC YYZ"
"BOD",0,""
"BOG",101,"ADZ AEP ASU ATL AUA AUC AXM BAQ BCN BGA BLA BLB BSB BUN CCS CDG CLO COR CTG CUC CUN CUR CUZ CZU DFW DXB EJA EWR EYP EZE FLA FLL FRA GDL GEO GIG GIR GRU GUA GYE HAV HAY IAH IBE IPI IST JFK LET LHR LIM LMC LPB LQM MAO MCO MDE MEX MIA MTR MTY MVD MVP MZL NLU NVA ORD PCR PDA PEI PPN PSO PTX PTY PUJ PUU RCH RON RVE SAL SCL SDQ SJE SJO SJU SMR SVI TCO TLU TME TPA TQO UIB UIO VLN VUP VVC VVI XPL YUL YYZ ZRH"
"BOS",0,""
"BRU",167,"ABJ ACC ACE ADB ADD AGA AGP AHU ALC ALG AMM AMS AOE ARN ASR ATH ATL AUH AYT BCM BCN BDS BEG BER BEY BGO BHX BIO BJA BJL BJV BKK BLL BLQ BOD BOJ BRI BUD BVC BVE CAI CDG CFU CHQ CMN COO COV CPH CTA CUN CUR CZL DBV DJE DLA DLM DOH DSS DUB DXB EBB EDI ESB EVN EWR FCO FEZ FIH FLR FNC FRA FUE GOT GRO GVA HAM HEL HKG HRG IBZ INN IST JED JFK JMK JTR KEF KGL KGS KRK KTT LCA LEI LHR LPA LXR LYS MAH MAN MIR MJT MLA MPL MRS MUC MXP NAP NBE NBO NCE NDR NRT NSI OSL OTP OUD PDL PEK PFO PMI PMO PRG PRN PSA PUJ PVG RAK RBA REU RHO RIX RMF RMO RMU ROB SAW SID SIN SKG SMI SPU SSH SUF SVQ SZG SZX TFS TIA TIV TLL TLM TLV TNG TTU TUN VAR VCE VLC VNO WAW XRY YUL YYZ ZAD ZAG ZRH ZTH"
"CCC",5,"HAV YHZ YOW YQB YYZ"
"CDG",262,"ABJ ABV ACE ADB ADD AGA AGP AJA ALC ALG AMM AMS ARN ATH ATL AUH AYT BAH BCN BEG BER BES BEY BFS BGF BGO BHX BIO BJA BKK BLL BLQ BLR BOD BOG BOM BRI BRS BRU BSK BSL BUD BZV CAG CAI CAN CAY CFE CFK CFU CKG CLT CMB CMN COO CPH CPT CTA CUN CVG CZL DBV DEL DEN DFW DJE DLA DOH DSS DUB DUS DXB DZA EDI ELU ESB EVN EWR EZE FAE FAO FCO FDF FEZ FIH FLR FRA FSC FUE GCI GIG GLA GOT GRU GVA GYD HAJ HAM HAN HAV HEL HKG HKT HND HRG IAH IBZ ICN ISB IST JED JER JFK JIB JMK JNB JRO KEF KGL KIX KLX KRK KRN KTT KUL KWI LAD LAX LBA LCA LGW LHE LHR LIM LIS LOS LPA LPL LTN LUX LXR LYS MAD MAH MAN MCO MCT MED MEX MIA MIR MLA MLE MNL MPL MRS MRU MSP MUC MXP NAP NBO NCE NCL NDJ NIM NKC NKG NOU NSI NTE NUE OLB OPO ORK OSL OTP OUD PDL PEK PER PHL PHX PMI PRG PRN PTP PTY PUF PVG RAI RAK RBA RDU RHO RIX RMO RNS RUH RUN RVN SAW SCL SCQ SEA SEN SFA SFO SGN SID SIN SJO SKG SLC SNN SPU SSA SSG SSH STR SVG SVQ SXM SYD SZG SZX TBS TFS TFU TGD TIA TLL TLM TLS TLV TNG TNR TOE TOS TPE TRN TUN UGC VAR VCE VLC VNO VRN VXE WAW XIY XMN YHZ YOW YQB YUL YVR YYC YYT YYZ ZAG ZRH"
"CLT",183,"ABE ACK AGS ALB ANU AOO ASE ATH ATL ATW AUA AUH AUS AVL AVP BDA BDL BGI BGR BHM BKW BNA BOS BTR BUF BWI BZE BZN CAE CAK CDG CHA CHO CHS CID CKB CLE CMH CRW CUN CUR CVG CZM DAB DAL DAY DCA DEN DFW DSM DTW DUB ECP ELH ERI EVV EWN EWR EYW FAY FCO FLL FLO FPO FRA FWA GCM GDL GGT GHB GND GNV GPT GRR GSO GSP HHH HOU HPN HSV HTS IAD IAH ILM IND JAC JAX JFK LAS LAX LEX LFT LGA LHR LIR LIT LWB LYH MBJ MCI MCO MDT MDW MEM MEX MGM MHH MHT MIA MKE MLB MLI MOB MSL MSN MSP MSY MUC MVY MYR NAS OAJ OMA ONT ORD ORF PAH PBI PDX PGV PHF PHL PHX PIT PLS PNS POP PUJ PWM RAP RDU RIC ROA ROC RSW SAN SAT SAV SBN SDF SEA SFO SGF SHD SHV SJD SJO SJU SKB SLC SMF SNA SRQ STL STT STX SVD SXM SYR TLH TPA TRI TUL TVC TYS UVF VPS XNA YQB YUL YVR YYC YYZ"
"CPH",188,"AAL AAR ABZ ACE ADB ADD AES AGA AGP ALC AMS ARN ATH ATL AYT BCN BEG BER BEY BGO BGW BHX BIO BJL BJV BKK BLL BLQ BOD BOJ BOO BOS BRI BRS BRU BSL BTS BUD BVC BZO CAG CAI CDG CFU CHQ CTA CUN DBV DEL DLM DOH DUB DUS DWC DXB EBL EDI EIN ESB EWR FAE FAO FCO FLR FNC FRA FUE GDN GOA GOH GOT GVA HAJ HAM HEL HKT HND HRG IBZ ICN INN IST JFK JSH JSI KEF KGS KLX KRK KRN KRP KSD KTT KUN KVA KYA LAX LBA LCA LGW LHR LIS LJU LPA LUX LXS LYS MAN MIA MLA MPL MRS MSP MUC MXP NAP NBE NCE NCL NJF NTE OLB OPO ORD ORY OSD OSL PEK PHL PLQ PMI PMO POZ PRG PSA PUY PVG PVK RAK RHO RIX RMO RNN RVN SAW SEA SFJ SFO SGD SID SIN SJJ SKG SPU SPX SSH STR SVG SVQ SZG TFS TGD TIA TIV TKU TLL TLS TOS TRD TRF TRN TSF UAK VAR VCE VIE VLC VNO VRN WAW WMI WRO YUL YYZ ZAD ZAG ZRH ZTH"
"CUN",134,"AGU AMS ARN ATL AUS BCN BDL BFS BHX BJX BNA BOG BOS BRU BSB BWI BZE CCS CDG CJS CLE CLT CMH CMW COS CPH CTM CUL CUU CVG CZM DEN DFW DTW DUB EWR EZE FCO FLL FRA GDL GLA GUA HAV HMO HOU HRL IAD IAH IND IST JFK KTW LAX LGW LHR LIM LIS MAD MAN MCI MCO MDE MDW MEM MEX MFE MIA MKE MLM MSP MSY MTY MXL MXP NCL NLU OAX OKC ORD ORY OSL PBC PDX PHL PHX PIT PTY PUJ PVR QRO RDU REX SAL SAT SCL SDQ SEA SFO SJD SJO SJU SLC SLP STL TAM TGZ TIJ TLC TPA TRC VER VRN VSA WAW YEG YFC YHZ YKF YLW YOW YQB YQM YQR YUL YVR YWG YXE YXU YYC YYG YYJ YYZ ZRH"
"CUR",25,"AMS ATL AUA BAQ BOG BON BRU CCS CLT CNF EWR FLL JBQ JFK LIM MIA ORD PAP PBM POS PTY SDQ SXM YUL YYZ"
"CVG",57,"ATL AUS BDL BNA BOS BWI CDG CHS CLT CUN DCA DEN DFW DTW EWR EYW FLL GUF IAD IAH JAX JFK LAS LAX LGA LHR MCO MDW MIA MLB MSP MSY MYR ORD ORF PBI PDX PGD PHL PHX PIE PNS PUJ PVD RDU RSW SAN SAV SEA SFB SFO SLC SRQ TPA VPS YUL YYZ"
"CZM",13,"ATL CLT CUN DEN IAH LAX MEX MIA MSP MTY ORD YUL YYZ"
"DCA",96,"ACK AGS ALB ATL AUS AVL BDA BDL BGR BHM BNA BOS BTR BUF CAE CAK CHA CHS CID CLE CLT CMH CRW CVG DAL DAY DEN DFW DSM DTW ECP EWR EYW FLL GRR GSO GSP HHH HPN HSV HYA IAH ICT ILM IND JAN JAX JFK LAN LAS LAX LEX LIT MCI MCO MEM MGM MHT MIA MKE MSN MSP MSY MVY MYR NAS OMA ORF PBI PDX PHL PHX PIT PNS PWM RDU ROC RSW SAN SAT SAV SFO SJU SLC SRQ STL SYR TLH TPA TUL TVC TYS VPS XNA YHZ YOW"
"DEN",224,"ABE ABQ ACV AIA ALB ALS AMA ANC ASE ATL ATW ATY AUS AVL BDL BFF BFL BHM BIH BIL BIS BNA BOI BOS BUF BUR BWI BZE BZN CDG CDR CEZ CHS CID CLE CLT CMH CNY COD COS COU CPR CUN CUU CVG CYS CZM DAL DAY DCA DDC DFW DIK DRO DSM DTW DUB DVL EAR ECP EGE ELP EUG EWR FAI FAR FAT FCA FCO FLL FMN FRA FSD GCC GCM GDL GEG GJT GRR GSO GSP GTF GUC HDN HLN HNL HOB HOU HRL HSV HYS IAD IAH ICT IDA ILM IND IST JAC JAX JFK JLN JMS KEF KOA LAR LAS LAX LBB LBF LBL LEX LGA LGB LHR LIH LIT LNK MAF MBJ MCI MCK MCO MDW MEM MEX MFR MIA MKE MLI MOT MRY MSN MSO MSP MSY MTJ MTY MUC MYR NAS NLU NRT OAK OGG OMA ONT ORD ORF OTH PAE PBI PDX PGA PHL PHX PIA PIR PIT PNS PRC PSC PSP PTY PUB PUJ PVD PVR PWM RAP RDD RDM RDU RIC RIW RKS RNO RSW RTB SAF SAN SAT SAV SBA SBP SCK SEA SFO SGF SGU SHR SHV SJC SJD SJO SJU SLC SLN SMF SNA SRQ STL SUN SUX SYR TEX TPA TSM TUL TUS TVC TYS VEL WYS XNA XWA YEG YQR YUL YVR YWG YYC YYZ ZRH"
"DFW",0,""
"DTW",115,"ALB AMM AMS ANC APN ATL ATW AUS AZO BDL BGM BGR BHM BNA BOS BUF BWI BZN CHA CHS CIU CLE CLT CMH CUN CVG DEN DFW DSM DUB ELM ESC EWR FLL FRA FWA GCM GRB GRR GSO GSP HNL HPN HSV HVN ICN ILM IMT IND IST JAX KEF LAN LAS LAX LEX LIR MBJ MBS MCI MCO MDT MEM MEX MIA MKE MSN MSP MSY MTY MUC MYR NAS OMA ORF PBI PDX PHL PHX PIT PLN PLS PNS PUJ PVG PVR PWM QRO RDU RIC ROC RSW SAN SAT SAV SBN SDF SFO SJC SJD SJU SLC SMF SNA SRQ STL SYR TPA TQO TVC TYS VPS XNA YVR YYC"
"DUB",172,"ABZ ACE ADB AGA AGP AHO ALC AMS ARN ATH ATL AYT BCM BCN BDL BDS BER BES BGO BHX BIO BIQ BJV BLQ BNA BOD BOJ BRI BRS BRU BSL BTS BUD BVA CAG CAI CCF CDG CFN CFU CGN CHQ CLE CLJ CLT CPH CRL CTA CUN CWL DBV DEN DFW DLM DOH DUS DXB EDI EIN EMA EWR EXT FMM FNI FRA FUE GCI GDN GLA GNB GRO GVA HAM HEL IAS IBZ IND INN IOM IST JER JFK KEF KGS KIR KRK KSC KTT KTW KUN LAS LAX LBA LCJ LCY LDE LGW LHR LPA LPL LTN LUX LUZ LYS MAH MAN MCO MIA MLA MRS MSP MUC MXP NAP NCE NCL NQY NTE OLB ORY OSL PEK PFO PGF PHL PLQ PMI POZ PRG PSA RAK REU RHO RIX RMO RMU RNS RVN RZE SCQ SDR SEA SFO SKG SOU SPU STN STR SVQ SZG SZZ TFS TLL TLS TRN VCE VLC VNO VRN WAW WMI WRO YHZ YUL YVR YYC YYT YYZ ZAD ZAG ZRH ZTH"
"DXB",274,"ACC ADB ADD ADL AKL ALA ALG AMM AMS AQI ARN ASM ATH ATQ AWZ AYT BAH BBI BCN BEG BEN BER BEY BGW BGY BHX BJV BKK BLQ BLR BND BNE BOG BOM BOS BRU BSA BSL BSR BUD BUS BUZ BWA BWN CAG CAI CAN CCU CDG CEB CFU CGK CGP CHC CIT CKG CMB CMN CNN COK CPH CPT CRK CTA DAC DAD DAM DAR DBB DBV DEL DFW DME DMM DOH DPS DSS DUB DUR DUS DYU EBB EBL EDI ESB EVN EWR EZE FCO FEG FRA FRU GBB GGR GIG GLA GOI GRU GSM GUW GVA GYD HAK HAM HAN HEL HGA HGH HKG HKT HND HOF HRE HYD IAD IAH IAS ICN IDR IKA INC ISB IST ISU IXC IXE IXM JAI JED JFK JIB JMK JNB JRO JTR JUB KBL KBV KDU KER KGL KHI KHT KIH KIX KMG KRK KTM KUF KUL KWI KZN LAD LAX LBD LCA LED LGK LGW LHE LHR LKO LOS LRR LYP LYS MAA MAN MBA MCO MCT MCX MED MEL MEX MGQ MIA MJI MLA MLE MNL MRS MRU MRV MSQ MUC MUX MXP NAP NBO NCE NCL NJF NMA NQZ NRT OHS ORD OSL OTP OVB PBH PEE PEK PEN PER PEW PNH PNQ POZ PRG PSA PVG RGN RIX RMO RSI RUH SAI SAW SEA SEZ SFO SGN SHE SIN SJJ SKD SKT SLL SPX STN STR STV SVO SVX SYD SYZ SZG SZX TAO TAS TBS TBZ TFU TIA TIF TIV TLV TNR TPE TRV TRZ TUN TZX UET UFA URA UTP VCE VIE VKO VNO WAW WUH XIY YUL YVR YYZ ZAG ZIA ZNZ ZRH ZYL"
"EDI",152,"ACE ADB AGA AGP ALC AMS ARN ATH ATL AYT BCN BER BFS BGO BGY BHD BHX BIQ BJV BLQ BOH BOJ BOS BRI BRS BRU BSL BTS BUD BVA BZR CDG CFU CGN CIA CMF CPH CRL CTA CWL DBV DLM DOH DUB DUS DXB EAS EGC EWR EXT FAE FAO FCO FLR FNC FRA FUE GCI GDN GNB GOT GVA HEL HER HRG IAD IBZ INN IOM IST JER JFK JTR KEF KGS KOI KRK KUN LCA LCY LDY LGW LHR LIS LPA LSI LTN LYS MAD MAH MCO MLA MRS MUC MXP NAP NBE NCE NOC NQY NRN NTE OLB OPO ORD ORK ORY OSL OTP PEK PFO PHL PIS PMI PMO POZ PRG PSA PVK RAK REU RHO RIX RVN SAW SDR SKG SNN SOU SPU STN STR SVQ SYY SZG TFS TIA TLS TRN VCE VIE VLC VRN WMI WRO YHZ YUL YYC YYZ ZAD ZRH ZTH"
"EWR",166,"ACK ADD AGP AMS ANC ANU ATH ATL ATW AUA AUS AVL BCN BDA BER BGI BGR BHM BIO BNA BOG BOM BON BOS BQN BRU BUF BZE BZN CAE CAI CHA CHS CLE CLT CMH CPH CPT CRW CUN CUR CVG CZM DBV DCA DEL DEN DFW DOM DSM DTW DUB DXB EDI EGE EYW FAO FLL FNC FNT FRA GCM GDL GOH GRR GRU GSO GSP GUA GVA HDN HHH HNL IAD ICN ILM IND IST JAC JAX JNB KEF KRK LAX LFW LIM LIS MBJ MCI MCO MEM MEX MIA MKE MSN MSP MSY MTJ MUC MYR NAP NAS NCE OPO ORD ORF OSL PBI PDL PDX PHX PIT PLS PMI PMO POP POS PTY PUJ PVR PWM RAK RDU RIC ROC RSW RZE SAL SAN SAP SAT SAV SDQ SFO SIN SJD SJO SJU SKB SLC SMF SNA SNN SRQ STI STL STT SXM SYR TLV TPA TQO TVC TYS UVF VCE VIE VPS YHZ YOW YTZ YUL YVR YYC YYZ ZRH"
"FLL",139,"ABE ACY ALB ATL AUA AUS AVL AXM BAQ BDA BDL BGA BGR BIM BLV BNA BOG BOS BQN BUF BWI CAE CAK CAP CHA CHS CID CLE CLO CLT CMH CTG CUN CUR CVG DAL DCA DEN DFW DSM DTW ELH EWR EYW FPO FSD GGT GRR GSP GUA GYE HDN HOU HPN HTS HVN IAD IAH ILG ILM IND ISP JFK KIN LAS LAX LBE LCK LEX LGA LIM MAO MBJ MCI MCO MDE MDT MDW MEM MGA MHH MKE MSP MSY MYR NAS OMA ORD ORF ORH PAP PBG PDX PHL PHX PIT PNS POS PTY PUJ RDU RIC ROC SAL SAN SAP SAT SAV SBN SDF SDQ SEA SFO SJO SJU SLC STI STL STT STX SWF SXM SYR TLH TLV TPA TVC TYS VCP XNA XPL YHZ YOW YQB YUL YVR YWG YYC YYZ"
"FRA",285,"ABV ACE ADB ADD AES AGA AGP ALA ALC ALF ALG AMM AMS ANC ANU ARN ATH ATL AUH AUS AYT BAH BCN BEG BER BEY BGI BGO BGW BHD BHX BIA BIO BIQ BJV BKK BLL BLQ BLR BOD BOG BOJ BOM BOS BRE BRI BRU BSL BUD BVC BZG CAG CAI CAN CDG CFU CGQ CHQ CLT CMB CMN COV CPH CPT CTA CUN DBV DEL DEN DFW DIY DJE DLM DMM DOH DRS DUB DUS DXB EBL EDI EFL ESB EVN EWR EZE FAO FCO FLR FNC FSC FUE GDN GIG GLA GND GOT GRU GRZ GVA GWT GYD GZT HAJ HAM HAN HAV HDF HEL HGH HKG HKT HND HOG HRG HYD IAD IAH IBZ ICN IKA INN IST IVL JED JFK JKG JNB JRO JSI KAO KEF KGS KLR KLX KRK KTT KTW KVA KWI LAD LAS LAX LCA LCY LEJ LHR LIS LJU LNZ LOS LPA LRM LUX LYS MAA MAH MAN MBA MBJ MCO MCT MEX MIA MIR MLA MLE MLX MPL MRS MRU MSP MUC MXP NAP NBO NCE NCL NDR NQZ NRT NTE NUE OLB OPO ORD ORK OSL OTP OVD PDL PDX PEK PHC PHL PMI POP POZ PRG PRN PSA PTY PUJ PUY PVG PVK RAK RDU RHO RIX RJK RMF RMO RNS RSW RUH RVN RZE SAW SCQ SDQ SEA SEZ SFO SGN SHE SID SIN SJD SJJ SJO SKG SKP SMI SPC SPU SPX SSG SSH STL STR SUF SVG SVL SVQ SXB SZF SZG SZX TAB TAS TBS TFS TFU TIA TIV TLL TLS TLV TOS TPA TPE TQO TRN TUN UBN URA VAR VCE VIE VLC VNO VRN WAW WRO XRY YHZ YUL YVR YYC YYZ ZAD ZAG ZRH ZTH"
"FSM",0,""
"FSP",0,""
"HNL",59,"AKL ANC APW ATL BOS CXI DEN DFW DTW EWR FUK GUM HND IAD IAH ICN ITO JFK JHM KIX KOA KSA KWA LAS LAX LGB LIH LNY LUP MAJ MEL MKK MNL MSP NAN NGO NRT OAK OGG ONT ORD PAE PDX PHX PNI PPG RAR SAN SEA SFO SJC SLC SMF SYD TKK YEG YVR YYC YYZ"
"HOG",7,"MIA PAP PRG TPA YHZ YQB YYZ"
"HUX",10,"GUA MEX MTY NLU OAX YEG YVR YWG YYC YYZ"
"IAD",150,"ABQ ACC ADD ALB AMS ANC ATH ATL AUA AUH AUS AVL AVP BCN BDL BFD BGI BNA BOG BOS BRU BUF BZN CAE CAI CDG CHO CHS CLE CLT CMH CMN CPH CPT CUN CVG DAY DEL DEN DFW DOH DSS DUB DUJ DXB EDI EWR EYW FCO FLL FRA GCM GRU GSO GUA GVA HDN HND HNL HSV HVN IAH ICN ILM IND IPT IST ITH JAX JED JFK JST KEF LAS LAX LFW LGA LHR LIS LNS LOS MBJ MCI MCN MCO MDT MEX MGW MHT MIA MOB MSP MSY MUC MYR NAS NCE OGS ORF PBG PBI PDX PEK PGD PHL PHX PIT PLS PSP PTY PUJ PVD PVU PWM RDU RIC ROA ROC RSW RUH SAL SAN SAT SAV SBN SCE SDF SEA SFO SJO SJU SLC SMF STL STT SXM SYR TLV TPA TVC TYS VCE VRB YOW YTZ YUL YVR YYC YYZ ZRH"
"IAH",180,"ABQ ACA AGU AKL AMA AMS ANC ASE ATL AUA AUS BHM BJX BNA BOG BON BOS BRO BTR BWI BZE BZN CAE CDG CHS CLE CLT CMH COS CRP CUN CVG CZM DCA DEN DFW DOH DRO DSM DTW DXB ECP EGE ELP EWR EYW EZE FCA FLL FRA GCM GDL GEO GIG GPT GRR GRU GSP GUA GUC HAV HDN HND HNL HOB HRL HSV IAD ICT IND IST JAC JAN JAX JFK LAS LAX LBB LCH LFT LGA LHR LIM LIT LRD MAF MBJ MCI MCO MDE MDW MEI MEM MEX MFE MGA MIA MID MKE MLM MOB MSP MSY MTJ MTY MUC MZT NAS NLU NRT OAX OMA ONT ORD ORF PBC PBI PDX PHL PHX PIB PIT PLS PNS POS PSP PTY PUJ PVR PWM PXM QRO RDU RIC RNO RSW RTB SAF SAL SAN SAP SAT SAV SCL SEA SFO SGF SHV SJC SJD SJO SJU SLC SLN SLP SMF SNA SRQ STL STT SYD TAM TPA TQO TUL TUS TVC TYS UIO VCT VER XNA XPL YEG YUL YVR YYC YYZ ZIH ZLO"
"KEF",94,"AAL AGP ALC AMS ARN ATH AYT BCN BER BFS BGO BHX BLL BLQ BNA BOS BRS BRU BSL BUD BWI CDG CPH CWL DEN DTW DUB DUS EDI EMA EWR FAE FAO FNC FRA FUE GDN GLA GOH GVA HAM HEL IAD INN IST JAV JFK KRK KTW KUS LBA LGW LHR LIS LPA LPL LTN MAD MAN MCO MIA MSP MUC MXP NCE NCL OPO ORY OSL PDX PIT PRG RAK RIX SEA SPU STN STR SWF SZG TFS TLL UAK VIE VLC VNO VRN WAW YHZ YUL YVR YYC YYZ ZRH"
"LAS",164,"ABQ ALB AMA AMS ANC ATL ATW AUS AVL BDL BHM BIL BIS BJC BLI BLV BNA BOI BOS BUF BUR BWI BZN CCR CHA CID CLD CLE CLT CMH COS CVG DAL DCA DEN DFW DSM DTW DUB EAU ELP EUG EWR FAR FAT FCA FLL FNT FRA FSD FWA GDL GEG GFK GJT GPT GRI GRR GTF GUP HNL HOU HSV IAD IAH ICN ICT IDA IND JAX JFK LAX LBB LEX LGB LGW LHR LIH LIT LRD MAF MAN MCE MCI MCO MDW MEM MEX MFE MFR MIA MKE MLI MOT MRY MSP MSY MTY OAK OGG OMA ONT ORD ORF PAE PDX PHL PHX PIT PSC PSP PTY PVR RAP RDM RDU RFD RIC RNO ROC RSW SAL SAN SAT SBA SBN SBP SCF SCK SDF SEA SFO SGF SHV SJC SJD SLC SLE SMF SMX SNA STL STS SYR TPA TUL TUS TYS VNY VPS XNA XWA YEG YLW YOW YQR YUL YVR YWG YXE YYC YYJ YYZ ZRH"
"LAX",185,"ABQ ACV AGU AKL AMS ANC ASE ATH ATL AUS BCN BJX BLI BNA BNE BOI BOS BUF BWI BZE BZN CAK CAN CDG CHS CLE CLT CMH CPH CSW CUN CVG DAL DCA DEN DFW DOH DSM DUB DXB EGE ELP EUG EWR FAT FCA FCO FLG FLL FRA FSD GCM GDL GEG GJT GRR GRU GSP GUA HDN HEL HKG HND HNL HOU HSV IAD IAH ICN ICT IND IPL IST JAC JAX JED JFK KIX KOA LAP LAS LGW LHR LIH LIM LIR LIS LIT LTO MAD MCI MCO MDW MEL MEM MEX MFE MFR MIA MID MKE MLM MNL MRY MSN MSP MSY MTJ MTY MUC MZT NAN NAS NLU NRT OAK OAX OGG OKC OMA ORD ORF ORY PAE PBI PDX PEK PHL PHX PIT PRC PSC PSP PTY PVD PVG PVR RDM RDU RIC RNO RSW SAL SAN SAT SBA SBP SCL SEA SFO SGF SGU SIN SJC SJD SJO SLC SMF STL STS SUN SYD SZX TFU TLV TPA TPE TPQ TUL TUS UPN WAW XMN XNA YEG YLW YUL YVR YWG YYC YYZ ZCL ZIH ZLO ZRH"
"LGA",84,"ACK ALB ATL AUA AVL BGR BHM BNA BOS BTV BUF BZN CAE CHA CHO CHS CLE CLT CMH CVG DAL DAY DCA DEN DFW DSM DTW ECP EYW FCA FLL GRR GSO GSP HHH HOU HSV HYA IAD IAH ILM IND JAX LEX LIT MCI MCO MDW MEM MIA MKE MSN MSP MSY MVY MYR NAS OMA ORD ORF ORH PBI PHL PIT PNS PWM RDU RIC ROA ROC RSW SAV SLC SRQ STL SYR TPA TUL TVC TYS YHZ YUL YYC YYZ"
"LGW",200,"ABZ ACC ACE ADB ADD AES AEY AGA AGP ALC ALG AMD AMS ANU ASB ATH ATQ AUA AYT BAH BCN BDS BER BES BGI BGO BHD BIO BIQ BJL BJV BLL BOD BOJ BRI BSL BUD BVC BWN BZO CAG CAN CFU CGO CHQ CMF CMN CPH CPT CTA CUN DBV DLM DOH DSS DUB DUS DXB EBB EBL EDI EFL FAE FAO FCO FDH FLR FNA FSC FUE GCI GEO GIB GLA GNB GND GOT GOX GRO GVA GYD HAM HEL HKT HRG IBZ INN INV IOM ISB IST IVL JED JER JMK JSI KAO KEF KGS KIN KLX KRK KTT KVA LAS LAX LCA LCG LEI LOS LPA LRM LXR LYS MAD MAH MBJ MCO MIA MLA MLB MPL MRS MRU MUC NAP NBE NBO NCE NQY NTE NUM OHD OLB OPO ORK OSL OVD PDL PFO PMI POS PRG PSA PUJ PUY PVG PVK QSR RAK REU RHO RIX RMF RMI RMU RVN SCQ SCR SID SIN SJO SKB SKG SMI SNN SPC SPU SSH SUF SVG SVQ SXB SZG TAB TFS TGD TIV TLL TLS TLV TNG TOS TPA TRD TRN TUN UVF VAR VCE VLC VRN WRO XRY YHZ YVR YYT ZAD ZRH ZTH"
"LHR",212,"ABV ABZ ACC ADB ADD AGP ALA ALG AMM AMS ANU ARN ATH ATL AUH AUS BAH BCN BDS BEG BER BEY BGI BHD BIO BJV BKK BLL BLQ BLR BNA BOG BOM BRU BSL BUD BWI BWN CAI CAN CDG CFU CGN CHQ CKG CLT CMB CMN CPH CPT CSX CUN CVG DAC DBV DEL DEN DFW DLM DND DOH DUB DUS DXB EDI EFL EWR EZE FCO FLR FRA FSC GCM GIB GIG GLA GNB GND GOT GRU GVA GYD HAJ HAK HAM HAN HEL HKG HND HYD IAH IBZ ICN INN INV IOM IST JED JER JFK JMK JNB JTR KEF KGL KLX KOI KRK KUL KWI LAS LAX LCA LDY LOS LSI LUX LXR LYS MAA MAN MBJ MCO MCT MEX MIA MLA MLE MRS MSP MSY MUC MXP NAP NAS NBO NCE NCL NOC NUE OLB ORK ORY OSL OTP PDL PDX PEG PEK PER PFO PHL PHX PIT PKX PLS PMI PRG PSA PVG PVK RAK RDU RHO RIX RMI RUH SAN SAW SCL SCQ SCR SEA SFO SGN SIN SKG SLC SNN SPU STR SVD SYD SYX SZG SZX TAO TBS TFU TIA TLS TLV TOS TPA TSN TUN UVF VCE VLC WAW WUH XIY YHZ YOW YUL YVR YYC YYZ ZAG ZRH ZTH ZYL"
"MAD",211,"ACE ADB ADD AGA AGP AHO ALC ALG AMM AMS ARN ASU ASW ATH ATL AUH BCM BCN BDS BEG BER BEY BGY BHX BIO BJZ BKK BLQ BOD BOG BRI BRS BRU BSL BUD BVA BVC CAG CAI CBB CCS CDG CDT CFU CKG CLJ CLO CLT CMN COR CPH CRA CRL CTA CTG CUN DBV DFW DOH DSS DUB DUS DXB EAS EDI EIN ESU EWR EZE FCO FLR FRA FUE GDL GHV GIG GRU GUA GVA GYE HAM HAV HEL HGH HKG IAS IBZ ICN INN IST JED JFK JMK KEF KTW KUN KUT LAX LCG LEI LEU LGW LHR LIM LPA LPL LRM LTN LUX LXR LYS MAH MAN MCO MDE MEX MIA MLA MLN MPL MRS MRU MTY MUC MVD MXP NAP NCE NDR NRT NTE ORD ORY OSL OTP OVD PDL PEK PHL PMI PNA PRG PSA PTY PUJ PVG RAK RBA REC RIX RMO RMU RUH RVN SAL SAP SAW SBZ SCL SCQ SDQ SDR SFO SID SJD SJO SJU SNU SPC SPU SSG SSH STI STN STR SUF SVQ SXB SZG SZX TFN TFS TFU TIA TLS TLV TNG TOS TRN TSF TTU UGC UIO VCE VCP VGO VIL VLC VRN VVI WAW WMI WNZ WRO XPL XRY YUL YYZ ZAG ZNZ ZRH"
"MBJ",43,"AMS ATL BDL BHX BOS BWI CLT DEN DFW DTW EWR FLL FRA GCM GLA HOU IAH JFK KIN LGW LHR LIM MAN MCI MCO MDW MIA MKE NAS NEG ORD PHL PTY RDU STL VRN YHZ YOW YUL YWG YYC YYZ ZRH"
"MCO",160,"ABE ABQ ACY ALB AMS ATL AUA AUS AVL AVP BDA BDL BGR BHM BNA BOG BOI BOS BQN BSB BTV BUF BWI CAE CAK CHA CHS CID CLE CLT CMH CNF CRW CTG CUN CVG DAL DEN DFW DSM DUB DXB EDI ELP ERI EVV EWN EWR EYW FAR FLL FOR FPO FRA GCM GDL GPT GRR GRU GSO GUA HPN HSV HVN ILG ILM IND ISP JAN KEF LAN LAS LAX LBE LGB LIM LNS MAD MAN MBJ MCI MDE MDT MEM MEX MHT MIA MID MKE MSN MSP MSY MTY MUC MYR NAS NLU OGS OKC OMA ORF ORH PBI PDX PHL PHX PIT PLS POS PSE PSM PTY PUJ PVD PVU PWM RDU REC RIC ROC RSW SAL SAN SAP SAT SBN SBY SCL SDF SFO SJO SJU SLC SMF SNA SPI SRQ STI STL STT SWF SYR TTN TUL TYS VCP XNA YEG YHZ YOW YQB YQM YQR YSJ YVR YWG YXE YXU YYC YYT"
"MSA",2,"XBE YQT"
"MSP",146,"ABQ ABR AMS ANC ATL ATW ATY AUA AUS AVL BDL BIL BIS BJI BNA BOI BOS BRD BUF BWI BZE BZN CHS CID CIU CLE CLT CMH COS CPH CUN CVG CWA CZM DAL DEN DFW DLH DSM DTW DUB ESC EWR FAI FAR FCA FLL FRA FSD FWA GCM GEG GFK GPT GRB GRR GTF HDN HIB HNL HPN HRL ICN ICT ILM IMT IND INL IWD JAC JAX KEF LAS LAX LIR MBJ MCI MCO MEM MEX MIA MKE MLB MOT MSN MSY MYR MZT NAS OAK OMA ORF PBI PDX PGD PHL PHX PIE PIT PLS PSC PSP PUJ PVD PVR PWM RAP RDU RHI RIC RNO RST RSW RTB SAN SAT SAV SBN SDF SFO SJD SJU SLC SMF SNA SRQ STL STT SXM SYR TPA TQO TUS TVC TVF TYS VPS XNA XWA YEG YQR YVR YWG YXE YYC ZIH"
"MZT",19,"CJS CSW CUU HMO IAH LAP LAX MEX MSP MTY NLU PHX QRO SFO TIJ YEG YLW YVR YYC"
"NAS",45,"ATL AXP BIM BOS CRI DCA DEN DTW ELH EWR FLL FPO GCM GGT GHB GHC HAV IAH IGA JFK KIN LAX LGA LGI LHR MAY MBJ MCO MHH MIA MSP MYG ORD PHL PLS PTY RSD SAQ SML TBI TYM YHZ YYC YYZ ZSA"
"OGG",27,"ANC ATL DEN DFW HNL HNM ITO KOA LAS LAX LGB LIH LNY MKK OAK ORD PDX PHX SAN SEA SFO SJC SLC SMF YEG YVR YYC"
"ORD",260,"ABE ABQ ACK ADD AKL ALB ALO AMM AMS ANC ASE ATH ATL ATW ATY AUA AUH AUS AVL AVP AZO BCN BDL BEG BGR BHM BIL BIS BJX BMI BNA BOG BOI BOS BRL BRU BUF BWI BZE BZN CAE CAK CDG CGI CHA CHO CHS CID CIU CLE CLT CMH CMI CMX COS COU CPH CRW CUN CUR CVG CWA CZM DAL DAY DBQ DCA DEC DEL DEN DFW DLH DOH DSM DTW DUB DXB EAU ECP EDI EGE ELP EVV EWR EYW FAI FAR FAT FCA FCO FLL FNT FOD FRA FSD FWA GCM GDL GEG GRB GRR GRU GSO GSP GTF GUA GUC HDN HEL HHH HKG HND HNL HPN HRL HSV HVN HYA IAH ICN ICT IDA ILM IND IRK IST IWD JAC JAX JFK JLN JST KEF KOA KRK LAF LAN LAS LAX LEX LGA LHR LIR LIS LIT LNK LSE LWB MAD MBJ MBL MBS MCI MCO MCW MDT MEM MEX MGW MHK MHT MIA MKE MKG MLI MLM MSN MSP MSY MTJ MTY MUC MVY MWA MXP MYR NAP NAS NLU NRT OGG OMA ONT ORF OWB PBI PDX PHL PHX PIT PLN PLS PNS PSP PTY PUJ PVD PVR PWM QRO RAP RDU RHI RIC RNO ROA ROC RST RSW SAL SAN SAT SAV SBN SCE SDF SEA SFO SGF SJD SJO SJU SLC SLN SMF SNA SNN SPI SRQ STL STT STX SUN SUX SXM SYR TBN TLV TPA TPE TUL TUS TVC TYS UIN UVF VPS WAW XNA YEG YHZ YOW YQB YUL YVR YWG YYC YYZ ZIH ZRH"
"PHL",124,"ACK ALB AMS ART ATH ATL AUA AUS AVL BCN BDA BDL BGI BGR BHM BNA BOS BUF CAE CDG CHS CLE CLT CMH CPH CUN CVG DAL DAY DCA DEN DFW DOH DSM DTW DUB ECP EDI EYW FCO FLL FRA GCM GRR GSO GSP HHH HYA IAD IAH ILM IND JAX LAS LAX LEX LGA LHR LIR LIS MBJ MCI MCO MDT MDW MEM MEX MHT MIA MKE MSN MSP MSY MVY MXP MYR NAP NAS NCE OMA ORD ORF ORH PBI PDX PHX PIT PLS PNS PUJ PVD PWM RDU RIC ROA ROC RSW SAN SAT SAV SCE SDF SDQ SEA SFO SJU SLC SRQ STL STT SXM SYR TPA TVC TYS UVF VCE VPS XNA YHZ YQB YUL YYZ ZRH"
"PHX",142,"ABQ ANC ASE ATL ATW AUS AVL BDL BFL BHM BIL BNA BOI BOS BUF BUR BWI CDG CEZ CID CLD CLE CLT CMH CNM CNY COS CUL CUN CVG DAL DEN DFW DRO DSM DTW EGE ELP EUG EWR FAR FAT FLG FLL FSD GDL GEG GJT GRR GUP HMO HNL HOU IAH ICT IDA IND IPL JAX JFK KOA LAS LAX LBB LGB LHR LIH LIT LTO MAF MCI MCO MDW MEM MEX MFR MIA MKE MRY MSN MSP MSY MTY MZT OAK OGG OMA ONT ORD ORF PAE PDX PGA PHL PIT PSC PSP PVR PVU RDM RDU RIC RNO SAD SAF SAN SAT SBA SBP SCK SEA SFO SGU SJC SJD SLC SMF SNA SOW STL STS SVC TEX TIJ TPA TUL TUS TYS VEL XNA YEG YLW YQR YUL YUM YVR YWG YXE YYC YYZ ZIH ZLO"
"POP",18,"ARN BOS CLT CPH EWR FRA JFK KTW MIA PLS POZ SJU SVO WAW YHZ YQB YYZ ZRH"
"PSP",32,"ATL AUS BLI BOI DAL DEN DFW DSM IAD IAH JFK LAS LAX MDW MSP OAK ORD PAE PDX PHX RDM SEA SFO SJC SLC SMF STS YEG YVR YWG YYC YYZ"
"PUJ",82,"AMS ARN AUA BCN BDL BFS BHX BNA BOG BOS BQN BRU BTS BWI CLE CLT COR CTG CUN CUR CVG DEN DFW DTW EWR EZE FLL FRA GRU GYE HAV HOU IAD IAH IND JFK KIN KTW LGW LIM LIS MAN MCO MDE MDW MEX MIA MKE MSP MUC MXP NLU OPO ORD ORY PAP PHL PIT PRG PTY RDU ROS SCL SFB SJU STL SXM TPA TUC UIO VNO WAW YHZ YOW YQB YQG YQM YUL YXU YYC YYZ ZRH"
"PVR",52,"AGU ATL AUS CJS CSW DEN DTW EWR GDL HOU IAH JFK LAS LAX MCI MEX MLM MSP MTY MXL NLU ORD PDX PHX PRG QRO SAN SEA SFO SJC SLC SLP SMF SNA STL TIJ TLC YEG YKF YLW YOW YQB YQQ YQR YVR YWG YXE YXS YXX YYC YYJ YYZ"
"RSW",69,"ACY ALB ATL ATW AVP BDL BGR BNA BOS BTV BUF BWI CHS CLE CLT CMH CVG DAL DCA DEN DFW DTW EAU EWR FRA GRR GSP HOU HPN HVN IAD IAH ILG ILM IND ISP JFK LAN LAS LAX LGA MCI MCO MDW MKE MSN MSP MSY ORD ORF ORH PHL PIT PSM PVD PWM RDU RIC ROC SBN SEA SFO SLC STL SWF SYR YOW YUL YYZ"
"SAL",32,"ATL BOG BOS CUN DFW EWR FLL GUA GYE IAD IAH JFK LAS LAX LIM MAD MDE MEX MGA MIA OAK ONT ORD PTY RTB SAP SDQ SFO SJO UIO XPL YYZ"
"SCL",61,"AEP AKL AMS ARI ASU ATL BBA BCN BOG BRC BSB CCP CDG CJC CLO CNF COR CPO CTG CUN CUZ CWB EZE FLN FOR FTE GIG GRU GYE IAH IGU IPC IQQ IST JFK LAX LHR LIM LPB LSC MCO MDE MDZ MEL MEX MHC MIA MVD PDP PNT POA PTY PUJ PUQ REC SSA SYD VVI YUL ZAL ZOS"
"SEA",128,"ABQ ALW AMS ANC ATL AUS BIL BLI BNA BOI BOS BUR BWI BZN CDG CHS CKG CLE CLT CMH CPH CUN CVG DAL DCA DEN DFW DOH DTW DUB DXB EAT EGE ELP EUG EWR FAI FAT FCA FLL FRA GDL GEG GTF HDN HEL HLN HND HNL HOU IAD IAH ICN ICT IDA IND IST JAC JFK JNU KEF KOA KTN LAS LAX LHR LIH LIR LWS MCI MCO MDW MEX MFR MIA MKE MNL MRY MSP MSY MUC NRT OAK OGG OMA ONT ORD PDX PEK PHL PHX PIT PSC PSP PUW PVG PVR RDM RDU RNO RSW SAN SAT SBA SBP SFO SIN SIT SJC SJD SLC SMF SNA STL STS SUN TPA TPE TUS YEG YKM YLW YUL YVR YYC YYJ YYZ ZRH"
"SFO",138,"ABQ ACV ADL AKL AMS ANC ASE ATL AUS BCN BFL BIH BLR BNA BNE BOI BOM BOS BUR BWI BZN CAN CDG CHC CLE CLT CMH CPH CUN CVG DAL DCA DEL DEN DFW DOH DTW DUB DXB EGE EUG EWR FAT FCA FCO FLL FRA GDL GEG HDN HKG HND HNL IAD IAH ICN IND IST JAC JFK KIX KOA LAS LAX LHR LIH LIR LIS LTO MCI MCO MDW MEL MEX MFR MIA MNL MRY MSP MSY MTJ MTY MUC MZT NAN NRT OGG OMA ONT ORD ORY OTH PAE PDX PEK PHL PHX PIT PSC PSP PTY PVG PVR PVU RDM RDU RIC RNO RSW SAL SAN SAT SBA SBD SBP SEA SGN SIN SJD SJO SLC SMF SNA STL SUN SYD TER TPA TPE TUS WUH YEG YUL YVR YYC YYZ ZIH ZRH"
"SJD",54,"ATL AUS BJX BNA BWI CLT CUL CUN CVG DEN DTW EWR FRA GDL HMO HOU IAH JFK LAS LAX MAD MCI MDW MEX MSP MTY MXL NLU OAK ONT ORD PDX PHX QRO SAN SEA SFO SJC SLC SMF SNA STL TIJ TLC TRC VNY YEG YLW YUL YVR YWG YYC YYJ YYZ"
"SLC",107,"ABQ AMS ANC ATL AUS BIL BNA BOI BOS BTM BUR BWI BZN CDC CDG CLE CLT CMH COS CUN CVG DAL DCA DEN DFW DTW EKO EUG EWR FAI FAT FCA FLL GDL GEG GJT GTF HLN HNL HOU IAD IAH ICN IDA IND JAC JFK KOA LAS LAX LGA LGB LHR LIT LWS MCI MCO MDW MEM MEX MFR MIA MKE MSP MSY MTY OAK OGG OMA ONT ORD PDX PHL PHX PIH PIT PSC PSP PVR RDM RDU RNO RSW SAN SAT SBA SCF SEA SFO SGU SJC SJD SMF SNA STL SUN TPA TUL TUS TWF VNY WYS XNA YEG YVR YYC YYZ"
"SNU",8,"MAD MIA PTY TPA YHZ YOW YQB YYZ"
"TLV",113,"ADD AGP AMM AMS ATH AUH BCN BEG BER BKK BRI BRU BSL BTS BUD BUS CDG CFU CND CPH CTA DEB DEL DME DUS DXB EFL ETM EVN EWR FCO FKB FLL FMM FRA GHV GNB GVA GYD HAM HER HKG HKT IAS JFK JMK JSI KLV KLX KRK KUN LAX LCA LED LHR LIS LJU LTN LYS MIA MJT MLA MRS MRV MUC MXP NAP NCE NRT OPO ORY PEK PFO POZ PRG PUY PVK PZY RHO RIX RMO RVN RZE SEZ SJJ SKD SKG SOB SPU STR SXB SZG SZX TAS TBS TIA TIV TLS TRN TSF VAR VCE VIE VNO VOL VRN WAW YYZ ZAD ZAG ZIA ZNZ ZRH"
"TPA",100,"ACY ALB AMS ATL AUS AVP BDL BGR BHM BNA BOG BOS BUF BWI CAK CHS CLE CLT CMH CUN CVG DAL DCA DEN DFW DTW ERI EWR EYW FLL FRA GCM GPT GRR HAV HOG HOU HPN HSV HVN IAD IAH ILG ILM IND ISP JFK LAN LAS LAX LGA LGW LHR MCI MDW MEM MEX MHT MIA MKE MSN MSP MSY MYR OMA ORD ORF PDX PHL PHX PIT PNS PTY PUJ PVD PWM RDU RIC ROC SAN SAT SDQ SEA SFO SJU SLC SNA SNU STL SYR TTN XNA YHZ YOW YUL YVR YYC YYT YYZ ZRH"
"VRA",8,"LIS MIA SVO YHZ YQB YQM YYC YYZ"
"XLB",0,""
"YAM",0,""
"YBK",0,""
"YCD",5,"YEG YLW YVR YYC YYZ"
"YCR",0,""
"YCS",0,""
"YDF",8,"YAY YHZ YQX YWK YYC YYR YYT YYZ"
"YEG",46,"AMS ATL BNA CUN DEN HNL HUX LAX MCO MSP MZT OGG ORD PHX PSP PVR SEA SFO SJD SLC YCD YHM YHZ YKA YKF YLW YMM YOJ YOW YPY YQM YQQ YQR YQU YSM YUL YVR YWG YXS YXX YXY YYC YYG YYJ YYZ YZF"
"YEK",0,""
"YFB",17,"GOH YAB YCY YGT YIO YLC YMV YOW YRB YRT YTE YUL YUX YVM YVP YXP YZF"
"YFC",6,"CUN YOW YTZ YUL YYC YYZ"
"YFH",0,""
"YFO",2,"YQD YWG"
"YGO",0,""
"YGX",2,"YTH YYQ"
"YHM",4,"YEG YHZ YVR YYC"
"YHZ",42,"AMS BCN BDA BOS CCC CDG CUN DUB EDI EWR FRA HOG KEF LGA LHR MBJ MCO NAS ORD PHL POP PUJ SNU TPA VRA YDF YEG YHM YKF YOW YQR YQX YQY YSJ YTZ YVR YXE YYC YYR YYT YYZ ZRH"
"YIV",0,""
"YKA",4,"YEG YVR YYC YYJ"
"YKF",8,"CUN MCO PVR YEG YHZ YVR YXX YYC"
"YKU",5,"YGW YKQ YNC YVO ZEM"
"YLH",0,""
"YLW",21,"CUN LAS LAX MZT PHX PVR SEA SJD YCD YEG YKA YQQ YQR YVR YWG YXE YXJ YXS YYC YYJ YYZ"
"YMM",4,"YEG YPY YYC YYZ"
"YMT",0,""
"YMX",0,""
"YNE",0,""
"YNO",0,""
"YOG",0,""
"YOH",0,""
"YOJ",1,"YEG"
"YOW",34,"CCC CDG CUN DCA EWR FLL LAS LHR MBJ MCO NAS ORD POP PUJ RSW SNU TPA VRA YEG YFB YFC YHZ YQB YQT YRT YTZ YVR YWG YYC YYG YYJ YYT YYZ YZF"
"YPM",0,""
"YPY",0,""
"YQB",32,"AZS CCC CDG CLT CUN DFW EWR FDF FLL HOG MCO ORD PHL POP PUJ PVR SNU VRA YGP YGR YKL YOW YTZ YUL YUY YVO YVP YVR YWK YYC YYZ YZV"
"YQD",0,""
"YQM",15,"CUN MCO PUJ VRA YDF YEG YOW YQB YQT YTZ YWK YYC YYT YYY YYZ"
"YQQ",7,"PVR YBL YEG YLW YVR YYC YYZ"
"YQR",0,""
"YQT",15,"MSA YAM YFH YLH YOG YRL YSB YTZ YWG YWP YXL YYC YYZ ZPB ZRJ"
"YQU",2,"YEG YYC"
"YQX",5,"YHZ YWK YYR YYT ZUM"
"YQY",3,"YUL YYC YYZ"
"YRL",0,""
"YRS",0,""
"YRT",12,"YBK YCS YEK YFB YMX YOW YUT YVO YWG YXN YZF YZS"
"YSB",0,""
"YSJ",4,"MCO YHZ YUL YYZ"
"YSK",0,""
"YST",0,""
"YTH",0,""
"YTZ",11,"BOS EWR MDW YAM YFC YHZ YOW YQB YQG YQT YSB"
"YUL",167,"ACA AGP AKV ALG AMM AMS ATH ATL AUS AZS BCN BDA BGI BNA BOD BOG BOS BRU BSL CCC CDG CFG CLT CMN CPH CTG CUN CUR CVG CYO CZM DCA DEL DEN DFW DOH DTW DUB DXB EDI EWR FDF FLL FPO FRA GDL GRU GUA GVA HOG IAD IAH ICN IST JFK KEF LAS LAX LGA LGW LHR LIM LIR LIS LRM LYS MAD MBJ MCO MEX MIA MRS MSP MUC MXP NAP NAS NCE NRT NTE OPO ORD ORY PAP PBI PDL PHL PHX PIT PLS POP PTP PTY PUJ PVR RAK RDU RIH RSW SAL SAN SCL SEA SFO SJD SJO SJU SNU STL SXM TLS TLV TPA TQO TUN VCE VIE VLC VRA YBG YDF YEG YFB YFC YGL YGP YGR YGW YHZ YIK YKL YKQ YKU YLW YMT YNC YNS YOW YPH YPX YQB YQM YQR YQX YQY YSJ YTZ YUD YUY YVO YVP YVR YWG YWK YXE YYC YYG YYJ YYT YYZ YZG YZV ZBF ZEM ZIH ZRH ZSA"
"YUT",0,""
"YVO",0,""
"YVR",123,"AKL AMS ANC ATL AUS BFI BKK BNA BNE CDG CLT CUN CXH DEL DEN DFW DUB DXB ESD EWR FLL FRA GDL HKG HND HNL HUX IAH ICN IST JFK KEF KIX KOA LAS LAX LGW LHR LIH MCO MEX MIA MNL MSP MUC MZT NAN NON NRT OGG ORD PDX PEK PHX PSP PVG PVR QBC RDU SAN SEA SFO SIN SJD SLC SMF SNA SYD SZX TFU TPA XMN XQU YAA YAV YAZ YBF YBL YBW YCD YCG YEG YGG YHH YHM YHZ YKA YKF YLW YOW YPR YPW YQB YQQ YQR YQZ YTP YUL YWG YWH YWL YWS YXC YXE YXJ YXS YXT YXU YXY YYC YYD YYF YYJ YYZ YZF YZP YZT YZZ ZEL ZIH ZMT ZNA ZRH"
"YWG",52,"ATL BNA CUN DEN FLL HUX LAS LAX MBJ MCO ORD PHX PSP PVR SJD XLB YCR YEG YFO YGO YGX YHZ YIV YLW YNE YNO YOH YOW YPM YQD YQR YQT YRL YRS YRT YSK YST YTH YVR YVZ YXE YXL YYC YYJ YYQ YYT YYZ ZAC ZGI ZPB ZSJ ZTM"
"YWP",0,""
"YXE",0,""
"YXJ",0,""
"YXL",0,""
"YXN",0,""
"YXS",0,""
"YXX",5,"PVR YEG YKF YYC YYZ"
"YXY",8,"YDA YEG YEV YVR YYC YYJ YYZ YZF"
"YYC",102,"AMS ANC ATL AUS BCN BNA BOS BZE CDG CLT CUN DEL DEN DFW DUB EDI EWR FCO FLL FRA HNL HUX IAD IAH ICN JFK KEF KOA LAS LAX LGA LHR LIR LTO MBJ MCO MEX MSP MUC MZT NAS NRT OGG ORD PDX PHX PSP PUJ PVR RDU SAN SEA SFO SJD SLC SNA TPA TQO VRA YBR YCD YDF YEG YFC YHM YHZ YKA YKF YLW YMM YOW YQB YQG YQL YQM YQQ YQR YQT YQU YQY YSB YUL YVR YWG YXC YXE YXH YXJ YXS YXT YXU YXX YXY YYF YYG YYJ YYT YYZ YZF ZIH ZLO ZRH"
"YYG",6,"CUN YEG YOW YUL YYC YYZ"
"YYJ",16,"CUN FRD LAS PVR SEA SJD YEG YKA YLW YOW YVR YWG YXS YXY YYC YYZ"
"YYQ",0,""
"YYT",15,"CDG DUB MCO TPA YAY YDF YEG YHZ YQX YWG YWK YYC YYR YYZ ZUM"
"YYZ",191,"ADD AMM AMS ANU ARN ATH ATL AUA AUH AUS AZS BCN BDA BER BGI BNA BOG BOM BON BOS BRU BZE CAI CAN CCC CDG CHS CLE CLT CMH CMN CPH CTG CUN CUR CVG CZM DAC DCA DEL DEN DFW DOH DTW DUB DXB EDI EWR EZE FAO FCO FDF FLL FNC FPO FRA GCM GDL GEO GGT GIG GLA GND GRU HKG HND HNL HOG HUX IAD IAH ICN IND ISB IST JAX JED JFK KEF KHI KIN KIX LAS LAX LGA LGW LHE LHR LIM LIR LIS LRM MAD MAN MBJ MCO MEX MIA MID MNL MSP MSY MTY MUC MXP NAS NRT OPO ORD PBI PDL PEK PHL PHX PIT PLS POP POS PRG PSP PTP PTY PUJ PVG PVR RDU RIH RSW RTB SAL SAN SCL SEA SFO SJD SJO SJU SKB SLC SMF SNU SRQ STL SUF SVD SXM SYD TER TLV TPA TQO UVF VCE VRA WAW YAM YCD YDF YEG YFC YHZ YLW YMM YOW YQB YQG YQM YQQ YQR YQT YQX YQY YSB YSJ YTS YUL YVR YWG YXE YXU YXX YXY YYB YYC YYG YYJ YYT YZF ZAG ZIH ZRH"
"YZF",27,"YBB YCB YCK YCO YEG YEV YFB YFJ YFS YGH YHI YHK YHY YLE YOW YPY YRA YRT YSG YSM YVQ YVR YWJ YYC YYH YYZ ZFN"
"YZS",0,""
"ZAC",0,""
"ZBF",1,"YSJ"
"ZEM",5,"YGW YKQ YKU YNC YVO"
"ZGI",0,""
"ZPB",0,""
"ZRH",203,"ACE ADB ADD AEY AGA AGP AJA ALC AMM AMS ARN ATH ATL AUH AYT BCN BDS BEG BER BEY BHX BIO BJV BKK BLL BLQ BOD BOG BOM BRE BRI BRS BRU BUD BVC CAG CAI CDG CFU CGN CHQ CLY CMB CPH CPT CTA CTG CUN DBV DEL DEN DJE DLM DOH DRS DUB DUS DWC DXB EDI ESB EWR EZE FAO FCO FLR FNC FRA FSC FUE GCI GDN GOT GRU GRZ GVA GWT GZT HAJ HAM HDF HEL HKG HKT HRG IBZ ICN INI IST IVL JED JER JFK JMK JNB JRO JSI JTR KAO KEF KGS KLX KRK KSC KTT LAS LAX LCA LCY LGW LHR LIR LIS LPA LTN LUX LXR MAH MAN MBJ MCT MIA MLA MLE MPL MRS MRU MUC MXP NAP NCE NQY NRT NTE OHD OLB OPO ORK OSL OTP PDL PHL PMI POP PRG PRN PUJ PUY PVG PVK RAK RHO RIX RMF RUH RVN SAW SCQ SEZ SFO SID SIN SJJ SJO SKG SKP SLL SMI SPC SPU SPX SSH STN STR SUF SVQ TBS TER TFS TGD TIA TIV TLL TLV TOS TPA TUN VAR VCE VLC VNO WAW WRO XRY YHZ YUL YVR YYC YYZ ZAD ZAG ZNZ ZTH"
"ZRJ",0,""
"ZSJ",0,""
"ZTM",0,""
